Week,Sales_Value,TV_Impressions_Adstock,Facebook_Impressions_Adstock,Instagram_Impressions_Adstock,YouTube_Impressions_Adstock,Radio_Listenership_Adstock,Print_Readership_Adstock,Trade_Spend,Net_Price,Feature_Flag,Display_Flag,TPR_Flag,Weighted_Distribution,Numeric_Distribution,GDP_Growth,CPI,Festival_Index,Rainfall_Index
2022-07-02,8231.29654113512,494671.2055332656,242043.0521501914,65673.11007097914,207344.0242798,467683.401259404,46814.40855858061,15651.275305871197,105.79734260803278,0,0,0,0.4200486928495943,0.4595297967619443,5.410983853481721,114.87352416971112,1.184348869319253,4.746870510627278
2022-07-09,11384.227429679748,823470.107963357,253994.0052071961,96844.1720130874,357223.857461839,566613.3324215759,74826.84997554815,45944.65767932212,107.65938549968274,0,0,0,0.4369279418672879,0.4920442721428249,5.3365441970952014,115.24789062913403,1.184348869319253,4.312149831308392
2022-07-16,19703.29038731666,1030680.0488204507,348451.59494428645,107087.5809755061,361212.10740538733,655879.4195318604,77873.31530600833,94396.55906080158,105.3412636315503,1,0,0,0.4930288740319343,0.5190181004896259,5.702764125663267,115.61889187589752,1.184348869319253,3.792107007729732
2022-07-23,11483.380052786544,1002573.0952867839,343203.26959876163,121409.88235197577,435447.776960498,849676.8968678564,74810.0736203824,11343.459890230662,106.54569174525484,0,0,0,0.5130148364996832,0.5987240081273385,6.082973897199067,115.98321176972053,1.184348869319253,4.369215775777258
2022-07-30,10786.25993759244,1081842.9999163898,539512.09128256,136495.68264124318,412722.36756493594,859283.1835821987,81257.86249526721,11924.841409951325,107.9009946604776,0,0,0,0.5064444813121955,0.494983756103097,5.612995818851418,116.33763159949292,1.184348869319253,3.8597606998377834
2022-08-06,11360.765710681311,1128051.511722687,454184.56383807235,134195.00698988434,443882.7530303856,929878.5761920437,90986.24728406919,10653.204239521505,107.85741513082236,0,0,0,0.521531120728765,0.5814872863173759,5.6718671537051,116.67907701933152,1.184348869319253,4.409982229818116
2022-08-13,12258.980299873328,1087970.9340110966,357802.38624636474,114696.87749994437,394583.1943765395,1017738.5209637834,80178.76171068847,13566.871381247103,105.2287836514832,0,0,0,0.4658251793079616,0.4769484069419213,6.273863711168243,117.00466287946576,1.184348869319253,4.5260097303072495
2022-08-20,13953.011265813602,1084984.5559734218,373772.51377428905,124501.87988570827,435623.1425413969,1004168.4513454713,87929.12366356482,73820.24731488212,106.39990755076283,0,1,0,0.4580266469964349,0.5491641437984535,6.017939883338335,117.31173529821812,1.184348869319253,3.907856613726546
2022-08-27,10922.603871587884,1122467.2231778477,353593.7253709136,135037.46721377844,498390.47338343534,986346.1244785183,94118.9051508746,17043.587027587866,106.00156664125436,0,0,0,0.4005846110403118,0.4972244736281428,5.597673902285663,117.5979103615752,1.184348869319253,4.465040266924047
2022-09-03,16174.694360384248,2228930.53516831,824720.4945152521,170872.53514694504,442002.428477099,596285.2037135008,88592.89536995458,84965.79799501067,107.91079061016424,1,0,0,0.4046066480201838,0.4059394182210533,5.857865044175354,117.86110888602188,3.553046607957759,4.293082533886618
2022-09-10,16771.915314191232,2773857.2708538612,889068.3918717548,187470.39567429415,492817.7824355933,463446.06467139523,80735.09605804947,13322.553770593202,106.58373435437912,0,0,0,0.4283661955254073,0.4388576795614846,5.4567199133512565,118.09958673771912,3.553046607957759,4.420905531255569
2022-09-17,9752.435579103269,2976573.95505197,1048009.526716158,189238.9148078622,422189.8106812319,342562.7682238439,86388.83495963541,14665.029228395886,106.8308307742806,0,0,0,0.444336313498672,0.5047448717666414,5.351744215209763,118.31196026590256,3.553046607957759,4.756557965259374
2022-09-24,23711.76819941243,3110142.7469405453,1016576.019473903,187934.26765490783,431383.32853758754,339476.73116025684,77641.85131015882,291761.7415368141,93.68121099832948,0,1,1,0.44247549178361,0.4595664456330883,5.456415676226339,118.49722647962662,3.553046607957759,4.087528151819928
2022-10-01,17981.18690543654,3180155.012715456,975342.6525258073,174894.92167684413,386803.282121317,313569.75758017774,185543.42190449033,20181.128990516914,105.39286980276856,0,0,0,0.4758661422964139,0.5070968668138368,4.651201097987675,118.6547776736308,3.553046607957759,0.805640295207045
2022-10-08,20637.52404911849,3284226.400941555,940109.0900266885,175422.99167539703,407060.4133636409,326626.52162162133,229647.24656210438,76245.4458339845,107.01266946022284,1,0,0,0.4732048511456546,0.5067047890526309,4.584839112928299,118.7844102900509,3.553046607957759,0.763235053400756
2022-10-15,20301.956854705368,3240399.9006240745,890935.2481728583,170211.15055301876,405588.12867866457,317625.9214974572,223739.41805814917,86449.97096143219,105.62037860043412,1,0,0,0.5211213629571675,0.4905428192910768,4.832935910898367,118.88632788675112,3.553046607957759,0.7862537749190109
2022-10-22,26014.108965206688,3028864.28003167,781229.8559824065,162663.61328805512,422703.13844907214,311967.60084658995,252824.41296727714,96919.02575910084,106.17895067077258,1,0,0,0.5607246749777957,0.5988989116125005,4.586649267160019,118.96113816899197,3.553046607957759,1.0169616552177916
2022-10-29,19474.628637591835,3288806.261208169,923250.2382708064,186468.9572540519,470719.66713485616,280554.2850341912,248625.5517050564,85436.9163599226,106.23051238807818,1,0,0,0.5542836396262857,0.5685994067723872,4.921031099371457,119.009844127719,3.553046607957759,1.1475874853619903
2022-11-05,17314.395394554274,3297628.099316887,957484.8256320006,189954.04676204393,471027.8209942193,290224.89098090306,254923.24844609128,13692.067493325025,107.22123679023404,0,0,0,0.5414719138786666,0.5617153718413667,4.4768276386934005,119.03382941369658,3.553046607957759,1.1274554581319187
2022-11-12,12859.706328578995,3125895.148929774,876939.6181732079,172457.384818709,423817.1150069409,352160.9050946904,243364.57834214933,41681.59513237073,105.85880076126044,0,0,0,0.5123234440373412,0.5976513945246752,4.287532838592441,119.03483816076378,3.553046607957759,1.2993811002531936
2022-11-19,18526.848881701608,3121909.500712999,1030397.8318929204,196428.50665209326,466943.61731400597,354752.0382290542,247523.10386006432,84371.19502403826,106.1976000458684,1,0,0,0.4890326868924897,0.4792157814931221,5.194845594235176,119.0149495524357,3.553046607957759,1.0451021311095892
2022-11-26,17485.01323603415,3097744.122722135,1146081.405096219,216321.93630012093,508568.9789524951,312319.91708408226,251585.55408357305,18140.993674369995,107.04797572073508,0,0,0,0.4552067814016176,0.5147578881334924,4.691915314808702,118.97654750272577,3.553046607957759,1.49499825790078
2022-12-03,16016.86437904766,2052373.6843264871,756492.5438092896,272205.4809735976,982781.132963343,271240.13927987503,167090.2334494536,7936.73278610453,108.17792900615284,0,0,0,0.4733706999430229,0.496338607887988,4.8432496161382,118.92228589331144,1.184348869319253,0.9583858561968024
2022-12-10,15798.597537065443,1580142.2801938816,553111.0141502346,290681.7918705817,1176853.4522777912,260806.2725059319,121329.70709955413,79895.33503472454,107.16373600029588,0,1,0,0.467736041648746,0.4902879056344842,4.456786938993902,118.8550498739633,1.184348869319253,1.8905841577624176
2022-12-17,18707.57157748096,1460645.6751035107,504763.5148323542,288805.26482175966,1191644.5666926214,328437.820375153,106563.4019511652,10179.587814532302,107.89966310255016,0,0,0,0.481923302669864,0.5425251152626368,4.838580638486408,118.77791379056458,1.184348869319253,1.2364451767138789
2022-12-24,17170.116346723702,1289768.5801166762,429266.8418324241,289733.3778536386,1234033.4683519811,343556.0283764325,89172.71262753726,69647.06083741988,104.4235915699972,0,1,0,0.482763507436317,0.5278230509609283,5.1636121988711405,118.69409635422537,1.184348869319253,0.7733405075382404
2022-12-31,14961.191846477244,1121465.1745969385,432375.95399935206,333695.7157560121,1452290.6017803845,340562.52640777937,80937.63406972802,68721.38933990359,108.21691137294248,0,1,0,0.4761908851518993,0.5287845562116272,4.891522098347152,118.60691370522676,1.184348869319253,0.7065884256419939
2023-01-07,16794.980560404838,1077611.181580102,978555.5553733646,289342.3059106515,957433.7518665753,300103.9034789356,78439.2791430548,15908.413626755226,105.76725754047816,0,0,0,0.5750059222138669,0.6481842559486852,5.498577647347337,118.51973105622812,2.368697738638506,1.1917236174345924
2023-01-14,20347.840658633137,1096201.1314621237,1186968.1217389097,262210.60499008937,717568.9640809919,341609.53786703624,80827.19442122523,62066.70626396262,106.02872046107689,0,1,0,0.563791599390517,0.5911793083633791,5.309212380488981,118.4359136198889,2.368697738638506,0.9712512699597808
2023-01-21,16954.526960112555,1130509.7168601525,1072210.646067669,226331.8322564304,595553.8382483176,310989.63018291414,83122.05725871633,73796.4171832658,108.74576581887644,0,1,0,0.5681486737197605,0.5861047043032025,5.510858168086459,118.35877753649018,2.368697738638506,1.2640327174893926
2023-01-28,16245.954970123448,1267695.148831923,968407.1522197367,197355.7309133886,502575.0784570746,264250.74478222686,81826.06427228058,19995.447396751577,106.853412053089,0,0,0,0.6021409843272173,0.6060574069912599,5.497119777042684,118.29154151714204,2.368697738638506,1.1888394773949216
2023-02-04,21085.657369856384,1260717.460284052,888930.3402472832,189589.69259329088,503483.29284281266,236348.20559511866,88166.9952230519,91870.39656452832,92.5228459230522,0,0,1,0.5674870733570364,0.5780126434938146,6.329637249276604,118.23727990772774,1.184348869319253,1.0182961028138178
2023-02-11,19088.367172534363,1113399.9230489735,1107003.5959362923,197562.45674225024,434310.48574310483,276541.1700753533,81665.31148255036,14773.052761659734,106.01507427587718,0,0,0,0.5794505418385578,0.7215587442308703,5.771740708620578,118.19887785801778,1.184348869319253,0.7765772632171812
2023-02-18,16524.282210821326,1077146.7183237085,1062893.549419625,196386.1035803199,450483.74319178687,260626.99226594172,84679.80596865065,12348.630943385237,105.1913451203295,0,0,0,0.5475128112552102,0.6283743537510559,5.442538463883937,118.17898924968968,1.184348869319253,0.5679358401460459
2023-02-25,11162.626853507603,1184361.9343753413,1138248.2409049738,197512.55322573596,418438.6456761929,242751.4146268841,82737.87777014248,15445.36730733882,106.68235088059802,0,0,0,0.5295442530097536,0.5192439716558214,6.005000153070463,118.1799979967569,1.184348869319253,0.9015893027266284
2023-03-04,12840.767629698195,1130303.9400768382,681524.2987986618,192167.94162678657,620077.558734602,305665.85919415666,80181.54969829571,14287.540091787445,106.30945376586122,0,0,0,0.4740618630100685,0.4609282390081526,5.301928599412257,118.20398328273448,1.184348869319253,1.3085054785914438
2023-03-11,14282.948270363328,1168955.4234395814,572373.2313010998,255253.26396225207,990079.7041607106,325263.5352912218,83993.94494788628,12406.972914368447,107.38410526003577,0,0,0,0.5301273819371201,0.5833647633103833,5.668665521946401,118.25268924146154,1.184348869319253,1.107905618863684
2023-03-18,15101.18346735772,1148063.528115367,429418.1242161444,285057.17341054906,1210576.804944673,310935.20703139546,71298.33771085704,15621.814452547414,108.50700336694416,0,0,0,0.5222393964326173,0.5771985882543013,4.880759663463331,118.32749952370236,1.184348869319253,0.6519817564869989
2023-03-25,12345.818254734137,1002604.0073003524,434700.66797947185,295581.1342090786,1260555.337055657,257580.15274734647,66150.11176410088,19369.30346113684,105.3402634162337,0,0,0,0.5314523161832145,0.5871026888826876,4.961405555617473,118.42941712040258,1.184348869319253,1.0951280366146114
2023-04-01,14294.865376095851,1005089.1039805545,359739.71201095375,258551.54575117695,1112887.8727504078,241268.34354065187,73172.20592936623,13689.60587096651,107.31942910043684,0,0,0,0.5711150143545013,0.6016526009769233,5.316451237202815,118.55904973682269,1.184348869319253,1.1613808908903134
2023-04-08,15380.120495460544,1093013.1523152757,318788.78431733267,308005.10016697657,1380631.1086762166,254647.86721020017,74676.3667771183,16281.901736680536,105.05483789246507,0,0,0,0.5582267506172545,0.5923621281141965,5.361453779994334,118.71660093082686,1.184348869319253,0.7650018028402509
2023-04-15,16586.031400825486,1114269.8459064546,374885.97246787883,276012.75776650215,1192620.8025985714,320476.56024888635,69127.62814636322,10551.594328827745,107.16282080624748,0,0,0,0.6282682911954991,0.6829365615930943,5.064230653231621,118.90186714455092,1.184348869319253,1.089051741958687
2023-04-22,17551.666418059016,1091085.185062292,375049.69201072224,260581.683750514,1115383.5727472089,321187.716544629,81868.05353173657,11510.435624123384,105.45625426165664,0,0,0,0.6098512515696894,0.6548669466071777,4.869498077703325,119.11424067273435,1.184348869319253,1.059220785580028
2023-04-29,16620.999892071537,1105653.5890358193,297615.4525489679,248559.73007041286,1093990.9240775802,289262.1797343425,77979.96189645753,15577.788812191948,105.28188383601224,0,0,0,0.6032347654896619,0.5679369097403814,4.727033511558654,119.3527185244316,1.184348869319253,0.6840776318705626
2023-05-06,12939.951442607426,1024533.6554797766,346065.0626441157,246503.13612598303,1059483.1493078573,326786.1283412692,76620.24246203841,18457.728647553093,109.4529349047089,0,0,0,0.5883672796447413,0.6209656228220848,4.296970590824448,119.61591704887827,1.184348869319253,1.1527829232667055
2023-05-13,12789.462209586782,956154.7292814053,410056.16114670446,285852.883448594,1224236.3366696178,297093.8370666454,82428.142992727,15245.325268403396,109.03620695043408,0,0,0,0.6258922493794599,0.639543425301923,4.505839894460817,119.90209211223537,1.184348869319253,1.216181464219298
2023-05-20,12797.903908377108,928395.0624322441,371244.4774789589,298455.6233273095,1306655.8778970682,262072.10338187427,78647.14388484397,13341.880786634329,106.0012792468613,0,0,0,0.5658884411050565,0.6109677601971352,4.5875578526784055,120.20916453098774,1.184348869319253,1.379291858728023
2023-05-27,22768.26587097788,1064952.6336747673,323880.4556713245,260710.91656986933,1141614.3550136844,294224.32236702007,74385.39702446293,71161.1353136406,108.80252692406476,0,1,0,0.5932143687882035,0.737524209850015,5.096366121243057,120.53475039112196,1.184348869319253,1.3701569723712304
2023-06-03,11245.478046577631,1127648.163045946,384202.28191298246,199635.81757055974,806077.9468963075,673679.3576363733,77426.40528679863,46256.19951274762,106.74453145764711,0,0,0,0.5372997782600135,0.5870690388816865,4.930290683809566,120.87619581096055,1.184348869319253,3.733902627240844
2023-06-10,19601.21120833973,1181997.0451857126,409625.9778801278,176935.8179727067,679866.1009234695,725350.9654822338,75945.61835696708,103072.8721443884,92.0587548323057,0,0,1,0.5123562128957984,0.5368141153725305,4.350135900829521,121.23061564073296,1.184348869319253,3.871271484111455
2023-06-17,10266.764267039574,1176399.4650564645,354087.6568510239,140646.8609092628,526190.476120802,747670.9613153057,80933.06291361473,16744.689175990938,107.51246616669953,0,0,0,0.537773774123926,0.6067786819818568,5.112376303073651,121.59493553455594,1.184348869319253,4.325017836760194
2023-06-24,23428.71081976707,1048936.0930507842,329909.68624456995,114369.97295047602,406895.0216300951,758754.925514254,79072.91661307286,97057.39047844024,94.25318555372266,0,0,1,0.6114331221165763,0.6703037925263056,5.007240073140293,121.96593678131944,1.184348869319253,4.324627659734888
2023-07-01,15518.751106625,1043976.2008743372,351221.6941977218,133915.95617952902,493968.9337987842,818526.0717363043,80471.73468125492,12895.008734195382,107.65593382782724,0,0,0,0.6099507315592602,0.6665508274313069,5.04097946202868,122.34030324074234,1.184348869319253,4.3250217153988455
2023-07-08,17250.218350242263,1140907.899309569,405633.951006251,125482.82973178997,424597.1731558244,839307.4785045676,82486.73220837703,14989.884669895471,105.06269739304656,0,0,0,0.630059219525141,0.6945151765021261,5.57297293256749,122.71466970016526,1.184348869319253,5.367421900118703
2023-07-15,20725.582776490108,1106123.369902049,399177.9864780283,110598.06489961449,353401.3312590583,895722.5793293566,80187.88969177977,82911.8646697385,105.66326566999042,1,0,0,0.6681983742924392,0.7855043086488923,5.823608006552221,123.08567094692874,1.184348869319253,4.342462124337694
2023-07-22,15382.348112162264,1128914.923184493,450349.9565209978,116089.18156671019,355270.9295730521,935297.2617161232,81585.97466688449,14044.780349621671,107.90306478037512,0,0,0,0.6882346612288857,0.6965014886364452,5.8964169299308775,123.44999084075177,1.184348869319253,4.5188171938375365
2023-07-29,18803.27509423125,1194720.3959130999,391302.5924668871,117680.47171502597,392751.0623416863,833395.6268219076,79826.69679752346,20210.11617942068,105.68518095708568,0,0,0,0.7019039523250604,0.7666975230714773,5.422241306541307,123.80441067052416,1.184348869319253,4.462112535849622
2023-08-05,13708.433494203728,1230859.4757890813,419985.00973378075,126529.77980635533,422656.3941648863,966078.3071898057,68307.60301136551,13529.848864261054,108.02115879989016,0,0,0,0.6978562978667667,0.7138710186229633,5.648198630368104,124.14585609036276,1.184348869319253,4.367603507345683
2023-08-12,19469.833465606232,1061520.867186534,413822.8368023681,119050.80759646854,388342.6195811586,748095.4431594303,77053.61816763002,69125.06248148794,106.55872921287902,0,1,0,0.6393809687817662,0.7027010514925848,5.880431086308789,124.47144195049697,1.184348869319253,4.065703405777409
2023-08-19,13852.588627693976,1148470.1668717512,418194.01316708163,108862.34975811279,335214.7422070231,697451.1557760835,80074.18133079741,12389.737004682216,105.20144287156666,0,0,0,0.5961360007853888,0.6054051831620642,6.08354945146394,124.77851436924934,1.184348869319253,4.4012014457743325
2023-08-26,17963.45166628466,1141050.2435064046,317565.1477765257,109429.26714574243,388363.7618404493,779908.444222508,81746.03872343987,16351.455810289992,105.56226085817462,0,0,0,0.5964461563717397,0.6231036393712079,5.594615895088862,125.06468943260644,1.184348869319253,3.922802982759772
2023-09-02,18743.194947099124,2126794.6553559727,773087.4880219189,158012.3808154047,403518.160066064,523822.6917754522,80138.32066068875,13717.159938640236,107.47072795708074,0,0,0,0.5998015430013621,0.6309262957733471,5.62828432218542,125.32788795705312,3.553046607957759,4.090204516197801
2023-09-09,23908.492020567857,2722459.807118914,926301.4515549263,182867.6271827504,451187.4101362888,409280.56256838073,82386.85788321099,81701.1840057184,107.5325024095419,1,0,0,0.5737240545954965,0.6470784155351452,5.254031698004179,125.56636580875036,3.553046607957759,4.012580838315284
2023-09-16,18498.2574041484,2707259.1719147237,1338325.3617501932,226152.72955487948,461600.9668993008,366739.18833551765,84506.97946958008,17994.26691516541,108.67624172012182,0,0,0,0.5865190991505974,0.6587683205409255,5.121451675925076,125.77873933693378,3.553046607957759,4.189736226480883
2023-09-23,26338.510440826263,2916849.5991706606,1231001.2474341989,211585.3089240841,442425.920903321,311657.7533547167,87709.78174082816,93480.3064670912,107.03461731851068,1,0,0,0.6374624250851985,0.6382513128212505,5.636293416710706,125.96400555065784,3.553046607957759,4.887062586878276
2023-09-30,16548.485539132165,3059495.6385899326,1094844.3484105596,188431.94766781153,394737.56413377787,289542.20670939574,80095.8230405706,12523.864105821618,106.80692141824072,0,0,0,0.6575698086924717,0.7048024964684656,5.681960806284074,126.12155674466202,3.553046607957759,3.580995758899303
2023-10-07,23643.10598945222,3037721.018172616,1164940.3487316775,196880.35493454337,401931.60030687804,280574.4603642798,158929.93783931993,8919.728618550502,108.94987471979566,0,0,0,0.6879158399815362,0.7107558319017052,5.105940231007441,126.25118936108213,3.553046607957759,1.2553690754506488
2023-10-14,23960.6657267698,2759857.0908081913,1114195.7128107827,194220.9069657742,414006.67842347967,341733.8908325902,179442.6672452268,91134.19399304398,106.13213843540892,1,0,0,0.6936553499363423,0.6978749114156431,5.326581605629711,126.35310695778236,3.553046607957759,0.537370244009914
2023-10-21,24157.00124916368,2984273.365494987,1019358.7580861758,178544.59171935028,383043.5795536635,316790.0705604956,186382.78833017356,81500.45958540826,106.7306525155902,1,0,0,0.7177174024324061,0.7596753280928511,5.0199682973056765,126.42791724002316,3.553046607957759,0.8936512842945855
2023-10-28,26249.08477077163,3272227.775002805,857308.7348591172,171266.89065245778,427680.0858327303,293661.42119716154,221837.8288067695,89899.40377432137,107.54424961555796,1,0,0,0.7030953309154455,0.7408766895263181,4.618577878007779,126.47662319875022,3.553046607957759,1.3811343003261725
2023-11-04,37838.99645695061,3266061.740281985,1023396.6859195293,199800.41186286387,487303.71635455487,286542.05525796575,231257.35430315323,175321.62498054662,106.07837478532647,1,1,0,0.7310958699392072,0.8655613294858915,4.877029059934843,126.50060848472782,3.553046607957759,1.0611169283213635
2023-11-11,42585.75291597026,3133859.9761236506,909739.5682496016,173864.20837782492,414451.25776432385,284085.3480110606,237740.2424509871,90479.95066226048,107.5151971945619,1,0,0,0.7148230788204073,0.77909824618749,5.21766680922872,126.50161723179502,3.553046607957759,0.7044483733724977
2023-11-18,14901.412569958407,3284670.038242871,1045666.5068688685,187628.99163188867,415311.70472500916,285953.66290986224,245120.37947199668,10785.303673438044,107.04098822720674,0,0,0,0.630200054744372,0.6259189727537514,4.72148571088671,126.48172862346692,3.553046607957759,0.8176432291700217
2023-11-25,18531.391190379996,3449065.930143697,1043777.4745497743,205914.44806226704,507683.50303644827,317996.1062209527,237125.3474371977,16313.23199451548,108.24959153053626,0,0,0,0.6305986737831694,0.6545039242594028,5.256368995367162,126.44332657375696,3.553046607957759,1.2532883120845917
2023-12-02,28164.84983207527,2242056.405862507,697971.5728528881,264684.4982183763,974436.7046654377,342896.8834303649,163223.62429927028,234966.94876485877,93.14802564587772,1,0,1,0.6071466634438938,0.684383550925457,3.996050999708431,126.38906496434268,1.184348869319253,0.8129388910504804
2023-12-09,19780.24701263096,1608509.7270938996,544367.4214844746,293888.44764169323,1197258.527466229,312937.36995179753,131026.60927797173,65734.18865643113,106.34560425792962,0,1,0,0.6258044448779967,0.7412930149145369,5.165073420480774,126.32182894499454,1.184348869319253,1.1086441895253352
2023-12-16,23254.681951961407,1358961.1097749206,400953.47963092336,286035.7173294944,1229701.8468320104,284900.16769704013,115006.69100900911,13074.361570794374,109.07950627585328,0,0,0,0.6506981242504754,0.6406117858208359,5.037647270471442,126.2446928615958,1.184348869319253,1.0552741311637246
2023-12-23,21480.0295032992,1214060.4978134139,432790.20469502895,341952.8905918496,1493369.3506117337,298255.90189548704,105840.26424037875,75072.52703918138,107.933281707529,0,1,0,0.6440162779274539,0.6232865000794846,5.034376338485958,126.16087542525662,1.184348869319253,0.8375385817103207
2023-12-30,22393.740164832383,1152583.148058563,372016.60313639464,307809.34553187795,1353038.4260911928,297081.80166420137,83418.71703813664,86001.08312902375,108.18067494542152,1,0,0,0.6840056477783112,0.7959723763237448,5.283316920926635,126.07369277625796,1.184348869319253,1.7106218958495558
2024-01-06,19153.28548071947,1164309.2272890564,884373.9567204538,258279.4910671727,849210.4769756367,302113.96549015224,87470.94999694306,74492.35739867298,107.90839508674274,0,1,0,0.7108181572942511,0.7733156475170151,4.7535263459755175,125.98651012725932,2.368697738638506,1.2390222773568738
2024-01-13,28957.032148247534,1026209.5280017334,868751.7918837324,221242.80135705115,671838.1108433894,302053.34654983424,89039.43609922155,230373.955984676,92.88972991016207,0,1,1,0.7598231603599812,0.7821218945604864,5.429317226756275,125.90269269092012,2.368697738638506,0.408564248718489
2024-01-20,23070.970059125037,1047050.1102466251,918889.0152731928,204924.41979002953,565177.5913135512,307164.32448588376,82364.64930191365,9780.253121705844,105.98009760979784,0,0,0,0.7694955322759461,0.8410616181934284,5.71540298157643,125.8255566075214,2.368697738638506,1.0992734811418046
2024-01-27,22217.40562906167,1134024.271159183,1006932.0810156043,195176.51481804694,472416.5335824323,261403.17569237307,82462.77446137555,80372.30605431627,105.98849451569636,0,1,0,0.7527723321349858,0.7133561246043524,6.152741515835448,125.75832058817328,2.368697738638506,0.8343573305690328
2024-02-03,23776.036142714136,1104501.6442920803,1307354.595447529,224168.01184958316,467162.7615241511,306533.4247761436,88849.88196397401,14530.094218039849,106.38594017347216,0,0,0,0.7609849233072498,0.8135604279070449,5.582290367789989,125.70405897875897,1.184348869319253,1.3072670162367064
2024-02-10,20929.92734260124,1172861.280061086,1450784.229130938,228546.21784366574,417338.9746528596,348998.097848837,86014.6683134643,11674.549133285616,108.284154440102,0,0,0,0.7259465862271096,0.7873462978643301,5.521107537279265,125.665656929049,1.184348869319253,0.7935273901057273
2024-02-17,20947.103825747465,1158666.9278254502,1445398.1191566808,215696.55848907365,355783.73286702787,350427.0046922685,88204.32432459385,10446.154112548513,106.97159476669744,0,0,0,0.7095206811615262,0.79045049812898,5.617810313214222,125.64576832072092,1.184348869319253,1.0052078600881864
2024-02-24,19648.80903583117,1178706.0955426325,1383098.9411991113,221462.96331505323,415765.3459757104,338601.386362412,84163.81170324559,13694.682512202557,108.00479547215684,0,0,0,0.7321391060595057,0.7474853915786015,6.034274620930487,125.64677706778812,1.184348869319253,1.1987552895444835
2024-03-02,20659.32425321008,1180170.3991231539,832733.581681553,281143.3219194032,989349.8187562395,367577.5221092933,75771.35997342679,16856.60935594528,107.88106203709036,0,0,0,0.7137433867858729,0.7659137652020753,5.790458936872834,125.67076235376572,1.184348869319253,1.3114275986903436
2024-03-09,19705.12943972084,1180553.6544732787,603350.441143364,301981.073526964,1208230.147063138,343770.3604938359,71613.00842508962,70439.00511225541,108.7169061727955,0,1,0,0.6570723699148135,0.670308782268448,5.435804555278964,125.71946831249274,1.184348869319253,0.6661739746194734
2024-03-16,21874.780963061297,1161795.0928430418,563924.4479433813,284891.57137716573,1142495.6329141378,279548.82080280356,83665.9782443142,94001.53113207778,107.86328262792236,1,0,0,0.7157296493204073,0.7739156490845495,5.660386086260928,125.79427859473356,1.184348869319253,0.9365725801518552
2024-03-23,17768.700531612096,1183985.5570232898,434621.1668087208,262571.4768573463,1095546.800882371,256534.14481337738,78491.45562412648,10102.107340861085,107.2380703265133,0,0,0,0.7381693132107364,0.7580381359349866,5.41073884246181,125.8961961914338,1.184348869319253,0.892710147807113
2024-03-30,18453.145654872893,1242994.800030608,370773.11746651994,278992.64199994365,1209576.651266458,272626.5572049516,73179.87369993923,85329.37843087368,105.6261014745368,1,0,0,0.7244160463589172,0.7602161416813826,5.5597663205619865,126.02582880785393,1.184348869319253,0.8369986294213877
2024-04-06,33566.11942392257,1248995.506373086,285380.1650814273,263895.3866381213,1176786.8506498926,313472.8959096221,72572.82610728085,92501.0939518736,95.34665131991962,0,0,1,0.795501331530235,0.8158418521567304,4.907310812601122,126.18338000185808,1.184348869319253,1.5924148062372174
2024-04-13,17206.60979645164,1233494.6569701978,274011.7674688448,262505.5648249856,1175521.9403905054,300721.41867488105,72537.82294798564,15268.150881194071,108.17082708420692,0,0,0,0.8338748796190939,0.9139150501175194,4.906904680247342,126.36864621558212,1.184348869319253,1.1675223062281133
2024-04-20,14380.745381590645,1160710.691693094,291810.41736906033,270010.3781825405,1204146.6822281722,371022.1967526118,84319.26317913402,16757.653556309324,107.4947554471704,0,0,0,0.7890460765614097,0.873177855066536,4.78234043012518,126.58101974376558,1.184348869319253,0.6472517296802295
2024-04-27,24171.212445527115,1138641.7475795192,334069.61485007976,251422.66181780313,1090078.5016639759,323740.2176694992,84500.24917247139,34384.84137239162,107.27883317865822,0,0,0,0.7938446862216334,0.8404406252639434,4.360567919220141,126.8194975954628,1.184348869319253,1.327701186008995
2024-05-04,33603.43518210601,1095806.2639844357,377076.34492423595,271398.28129150195,1168453.2339953915,232749.24391430843,75063.30631547619,84804.89165103248,91.89999740672356,0,0,1,0.8244537230121083,0.8826121758702494,4.856450145328731,127.0826961199095,1.184348869319253,1.703817265961663
2024-05-11,26752.88488246663,1143005.3461177696,292016.11998134095,237698.80211363581,1042485.9505775085,300984.3056704879,87103.6940487296,100763.89157843102,93.97189188022033,0,0,1,0.7889256917079888,0.793127669708491,4.81508148893692,127.3688711832666,1.184348869319253,1.3634932268855082
2024-05-18,26871.380933585977,1127560.137468269,422511.6601824617,268955.88918777095,1133523.615847624,288523.89405591367,82131.96704011927,144816.78483247568,106.52160664722446,0,1,0,0.772606863563313,0.8154850722518457,4.734392430886302,127.67594360201896,1.184348869319253,0.5665233317690643
2024-05-25,23837.705165520343,1030660.0442343707,399432.6085264761,230484.17155160903,952704.5534948072,282077.24687570904,78138.91657197883,101932.97367243684,92.06670139276976,0,0,1,0.748643834566814,0.7985124606824311,4.6891375826709085,128.00152946215317,1.184348869319253,0.8898091519414163
2024-06-01,25872.570526406824,1141949.055769553,375090.1088869106,183699.61446128692,730953.0178629793,649919.1548762108,82458.82626699164,149365.9109188697,106.600436791186,0,1,0,0.7385251548891691,0.8802260332529847,4.375746019880131,128.34297488199178,1.184348869319253,4.559838030703993
2024-06-08,22919.894925410023,1094600.9729248937,336038.7861611369,152718.77306777483,595574.4722583058,746601.1967109189,86953.94225689882,93533.49995950704,93.8543903366942,0,0,1,0.7017933487316739,0.7116503287004714,4.773343708224545,128.6973947117642,1.184348869319253,3.9431519339156655
2024-06-15,20422.59893761206,1134190.288014588,292953.131721028,147158.46234198048,589315.7458493884,794054.2881641025,78588.32751808052,16169.34167625278,107.55129645083434,0,0,0,0.7657326718453334,0.8692411482041825,4.902159220626176,129.06171460558718,1.184348869319253,4.302776244043432
2024-06-22,27917.2172653136,1065712.8967410708,391997.3321368764,138428.25035636243,496142.58571337385,838003.938241059,77963.27845413817,106420.4372313084,92.55375521410907,0,0,1,0.7912102529240382,0.8802859932398268,4.875713809643837,129.43271585235064,1.184348869319253,4.406093768026334
2024-06-29,21615.40296189325,1070914.7683816906,399933.3871293983,125818.1846163779,429124.2295171902,833477.8041673868,73304.24929251781,89505.35834140505,92.39601933041996,0,0,1,0.7895707696994057,0.8537218266921545,5.20354065328892,129.80708231177357,1.184348869319253,3.874673993370174
2024-07-06,17621.065306206518,892550.092715173,390266.20903493604,128763.03593612845,448682.07516317413,967975.4971550601,76527.3531294739,15142.95695360076,106.87630754851628,0,0,0,0.8221738134145741,0.9397732874634672,5.507516256399203,130.1814487711965,1.184348869319253,4.145575404541316
2024-07-13,20134.08561094976,1047352.0156453772,375341.3956914748,131902.7945441046,471843.27487478545,948750.9075111775,84230.00613005368,12797.832173615989,107.8293970226518,0,0,0,0.8128685491683202,0.8817943493355108,6.09321687531523,130.55245001795998,1.184348869319253,3.1518777907832853
2024-07-20,27984.59252952832,1014524.5853253902,366852.50694638496,136424.2061956157,498694.777504886,1005724.573296349,84161.04650673163,70701.04350598264,106.38338381256888,0,1,0,0.8697120120130164,0.9431471037439488,5.657856473560726,130.91676991178298,1.184348869319253,3.8442369065425415
2024-07-27,22651.241651161843,1151379.5793287356,368649.89682313753,116006.00742800074,395705.0887284349,952405.1414383617,82863.02378133078,15222.73213398036,106.77280179913912,0,0,0,0.8713294347973545,0.9295543860740524,5.7680119641830325,131.27118974155536,1.184348869319253,4.085285737422439
2024-08-03,23762.09977506789,1061248.8245171183,337590.82797450887,111036.47714836817,386386.9717545863,918821.7993427209,83184.43061856029,82624.3071248785,107.46658187660564,1,0,0,0.8464248815748073,0.9471606310471178,5.722211876255117,131.61263516139397,1.184348869319253,3.774467699370944
2024-08-10,24485.827864099138,1046283.3760569955,370518.38422799925,111164.14977051668,370561.5567385837,878434.8245033643,81625.37548127888,95784.28689289528,92.98556988997954,0,0,1,0.8526541351910463,0.9494162613562188,5.171077767694332,131.9382210215282,1.184348869319253,4.673988277148829
2024-08-17,25490.65041190668,1102178.295447525,366675.48130823905,131547.94546626395,474401.98667720024,846476.5393026839,82650.66180190441,14330.252401944968,105.13984104887192,0,0,0,0.7987759594944344,0.8321646911403743,5.767637036531428,132.24529344028056,1.184348869319253,3.717514965578871
2024-08-24,18418.90475293044,1210369.4142335458,296672.9362224125,120290.02687385835,453113.6662580855,813004.2530120788,80025.71069226941,11138.072237949802,107.63897816985434,0,0,0,0.7987858115105037,0.8081482926758382,5.764670314327854,132.53146850363763,1.184348869319253,4.026734545036664
2024-08-31,25588.356554981227,1182424.3844763602,366883.870796763,126194.0436994292,447528.2830987644,849769.4151884742,82829.50289396258,225572.3078093044,92.1499193435938,1,0,1,0.7533555093186634,0.7982564064126298,6.463385586525072,132.79466702808432,1.184348869319253,4.204997823108746
2024-09-07,36559.048803336445,2085736.854873362,594973.001765844,139998.48474155532,402505.9228248546,584343.4599999869,85370.71612206662,197947.6834132565,107.6822262712627,1,1,0,0.7752456302421422,0.8009720024023673,5.542174148397629,133.03314487978156,3.553046607957759,4.614293496671658
2024-09-14,22611.62436006641,2789107.19191296,760881.4732320907,157131.76004230365,405218.0635954727,430553.57456197694,80405.27556448994,10962.869009752969,107.10011602874172,0,0,0,0.7846397417298251,0.8365283138052464,5.593638514514841,133.24551840796502,3.553046607957759,3.7157282969159335
2024-09-21,29111.940249417647,3012003.2189315856,1043162.9145021929,174183.8561422415,349337.823460111,390686.0787903154,83900.49667822465,16129.763581302648,107.10000122143305,0,0,0,0.8161104855954162,0.915236973517403,5.369190508543757,133.43078462168907,3.553046607957759,4.527436427625504
2024-09-28,34101.68826329484,3167830.881039124,990229.8206900139,169792.8908255945,353849.5437829655,374247.2965327922,76450.06874854676,196096.40416499192,106.16858376609068,1,1,0,0.831845021031126,0.8733463084701233,4.885946837296308,133.58833581569326,3.553046607957759,4.167361826237901
2024-10-05,29506.70177383349,2901407.6044561695,956516.4878102595,170410.04509283247,373791.9815590325,334592.73481207265,164520.75901032327,146737.98661711696,107.00194141720746,1,0,0,0.8655745900598446,0.9237595528176784,5.48893245561352,133.71796843211334,3.553046607957759,0.7345041133162111
2024-10-12,27487.438995560777,3431848.472457973,1010381.6768213332,181999.23654741416,404805.34432640416,311547.53289725643,219383.72550653998,12304.273765717016,106.4195594396613,0,0,0,0.909098157054418,0.9737769730913138,5.247261405112867,133.81988602881356,3.553046607957759,1.1853621437047122
2024-10-19,30140.436934960315,3317771.9971551527,949251.0995706848,178975.7133565893,420253.01699760405,327028.29084205965,243524.21550632338,17632.193821263194,110.42389934228282,0,0,0,0.8944666897226196,0.9855185233225238,5.155341067104284,133.8946963110544,3.553046607957759,1.103210298422542
2024-10-26,46436.4426256454,3471711.448360188,1359153.6807913303,215422.27568099773,397534.5380093234,312396.7885661297,256958.15729285806,79812.21848666141,106.50528949826035,1,0,0,0.8695607964758281,0.851666403337299,4.535263974194416,133.94340226978144,3.553046607957759,0.853586278923501
2024-11-02,46564.81308554891,3370143.994963111,1221934.0633651535,203658.63625666423,407326.1496007445,265812.06032384717,258919.63317102502,209529.5795167656,94.80823239075951,0,1,1,0.9308712568766004,0.9740233992299868,5.205343838899919,133.96738755575905,3.553046607957759,1.0628415382143144
2024-11-09,32390.81146358299,3099113.893083287,1212406.8852190427,201144.0500680582,399516.8077307696,260739.16680912586,267657.4908233272,15548.339570169335,106.762645804372,0,0,0,0.9035109105384608,0.9731138973611956,4.290828171777478,133.96839630282622,3.553046607957759,0.9207032475191068
2024-11-16,46434.95748743592,3175769.882613085,1259548.0964586998,216391.97199307336,452185.8117360169,272669.4856831712,249241.4154962835,89858.21286251127,107.62965279259768,1,0,0,0.8233758016190472,0.9217089130160752,4.917794842136053,133.94850769449812,3.553046607957759,1.076494357966746
2024-11-23,33725.54569072322,2916855.509969052,1131091.1763157959,201887.78182256193,443893.32095491164,262421.4334938121,253640.74345578527,69733.10489711963,107.37508035497324,0,1,0,0.8467906785896877,0.8881235917060625,5.453664534080691,133.9101056447882,3.553046607957759,1.247833127392872
2024-11-30,37708.4750220469,2798360.41821344,1097536.6190326363,181163.18732697153,357047.6271185395,267320.41036192153,250068.73117033005,391721.4428810688,93.67421156946266,1,1,1,0.8098208459890402,0.8006376250719901,4.509680714594845,133.8558440353739,3.553046607957759,1.536374265841793
2024-12-07,44583.7555875386,1962155.922315564,746239.134245678,251668.97363696032,885225.3010619626,268337.4799595387,166139.89790789672,414720.65993232286,93.6421686850421,1,1,1,0.8267492467009002,0.905209580502556,4.727424851683508,133.78860801602576,1.184348869319253,0.6544562953888251
2024-12-14,30159.497737479764,1560683.5890646833,578772.3845909452,267390.04142074485,1047564.0148082518,300261.3839168716,117131.94264582681,95298.13053723326,107.62377399820012,1,0,0,0.8400656095981968,0.8759651320452795,5.041620942526705,133.71147193262703,1.184348869319253,1.7072143438904297
2024-12-21,20657.43474521428,1442215.2625845484,482584.96836587985,262888.488584783,1073149.9587409748,322245.3946487744,96678.16173573231,17019.45786255242,108.8319916716342,0,0,0,0.8514800434519043,0.8689639879615056,4.969914988987013,133.62765449628782,1.184348869319253,0.4313801678013826
2024-12-28,21408.224072081284,1261924.5847186986,428098.3929039327,269463.14141140366,1133266.5106050519,355010.7801992537,81759.68271322417,14475.901101840269,106.13606911642808,0,0,0,0.8681971344296266,0.9064175615939652,4.765520866567063,133.54047184728918,1.184348869319253,0.9936371045620636
2025-01-04,27197.29287354428,1122938.091926187,537416.9055059559,210820.06756327322,785391.885063388,313044.5248133285,84336.06848566214,66563.54012775815,105.4484312747736,0,1,0,0.8987975768894474,0.9543638721857004,5.401749243963893,133.45328919829055,2.368697738638506,1.2247802628238016
2025-01-11,34856.763342250866,1111672.8821248047,752095.2094140425,197927.7770891218,613591.2807385878,289735.02233268274,83150.90752113765,11869.085220864392,106.4514456884076,0,0,0,0.916758085020722,0.9590050822482208,5.163666347584175,133.36947176195136,2.368697738638506,1.1287987353153466
2025-01-18,26398.32876080245,1112524.6872725955,925860.9053783139,191006.7300939722,492103.1977807041,311359.3216681706,78269.27510557428,74139.95388302753,107.47667906242522,0,1,0,0.931233214222646,0.9190217528320226,5.752124804834591,133.2923356785526,2.368697738638506,0.8465646698564242
2025-01-25,24171.875946042303,1158521.1342519268,1023602.4418493174,191917.32184674666,447785.3883090747,315961.3674457108,74942.33085793359,15424.04911099796,107.0188893596888,0,0,0,0.9481223345716598,1.0,5.396955075187359,133.22509965920452,2.368697738638506,0.9760423099211186
2025-02-01,21292.044237315506,1177115.4023084927,1108043.2264681603,207829.08253807924,485123.799456316,277347.72649570054,75749.89573201918,18222.83395595587,108.9891069482768,0,0,0,0.9229081037275256,1.0,6.234319355545963,133.17083804979018,1.184348869319253,0.8870711519127454
2025-02-08,23076.696276821836,1293355.5351212178,1056240.0713830926,191024.60541085317,427002.9913627195,295142.9590148259,75761.11744733396,16084.609542084603,108.85616778695376,0,0,0,0.9337019129110116,1.0,5.529064880550699,133.13243600008025,1.184348869319253,0.8569755311053718
2025-02-15,24031.73565619113,1201770.0144934661,925708.4695939333,174912.2632519451,411707.08146275894,343017.89407511696,80681.60138600405,9954.355321271763,106.84341814492852,0,0,0,0.928730606156678,0.9533405721043108,5.6744617158373645,133.11254739175214,1.184348869319253,1.3063827854488743
2025-02-22,31395.380341191965,1063531.4759634547,770621.1135591435,163792.21853378613,433650.5358893589,303198.19788013084,75085.6199860337,91387.1658337869,108.98963861555266,1,0,0,0.8646587571362317,0.9172839404562234,6.0021540523546175,133.11355613881932,1.184348869319253,1.1525418572919663
2025-03-01,25868.58300111896,1092847.9309930354,559415.3926977279,202505.8509926572,732821.558614422,302915.9425505552,76829.70377960346,11391.947750458074,107.7839672662386,0,0,0,0.8711623340898255,0.9309900793964014,5.298769451165083,133.13754142479692,1.184348869319253,0.824637189634194
2025-03-08,21680.621728716196,1003214.0753824279,487274.73353888595,251861.19865573157,1015668.6265092148,373729.220556814,72370.02774970378,13140.018672807526,106.55242243250724,0,0,0,0.8771544049249984,0.958364806020594,5.674528265094924,133.18624738352398,1.184348869319253,1.3219977137966652
2025-03-15,25686.626785754383,1105716.3736160344,411918.92509810324,251285.3087534985,1050467.0812184408,348779.35790792503,80453.24258463853,14945.255502190856,107.2094865121187,0,0,0,0.8892085765979769,0.9736591773124692,5.910665829491847,133.2610576657648,1.184348869319253,1.1370149427519516
2025-03-22,18195.8518793304,1125047.668059125,414964.23458638985,280344.8069438507,1194241.9174260586,315740.2635683933,82418.7914871056,19913.914505335582,107.13524861133318,0,0,0,0.90348758145213,0.9403360387493328,4.873353406811709,133.36297526246503,1.184348869319253,1.294908433087009
2025-03-29,27083.26581517406,1011769.8030891984,384783.44372400746,322838.9442595098,1421802.999435545,291343.25911986444,78271.74571325864,23085.749144791436,106.55825181983012,0,0,0,0.946478864878457,1.0,5.312596394032052,133.49260787888514,1.184348869319253,1.237682400634646
2025-04-05,24628.65371206725,1038769.994469475,406975.23252535803,305371.89873099804,1323371.8773923109,285522.9148657177,76299.73653504124,15960.135872349689,106.67476064552802,0,0,0,0.9694383280422196,1.0,5.210573882588219,133.6501590728893,1.184348869319253,0.7821360209380109
2025-04-12,24316.40960240049,1028970.3740422186,394028.90798681683,285384.4183784131,1229907.6378986568,258070.6988035622,78656.0253714991,13711.545161900734,107.8482247880942,0,0,0,0.955114507570472,1.0,5.256684574032865,133.83542528661334,1.184348869319253,0.8660899689944557
2025-04-19,35596.609971324455,1138363.3711602483,370582.11713399336,272743.74354277545,1178427.6591468803,263131.52694469586,79215.77246738976,74208.22429945746,106.94368062767596,0,1,0,1.0,1.0,4.515992588361032,134.0477988147968,1.184348869319253,1.2744305703487837
2025-04-26,25324.126562941143,1048911.4099064858,334278.70428368356,236198.74485887372,1013854.3721525266,306898.1590084983,83370.8070381768,16759.839852157904,107.07999565994088,0,0,0,1.0,1.0,4.40566896016205,134.28627666649405,1.184348869319253,1.2316677075517917
2025-05-03,39989.02500882942,1111712.9133202536,301836.2665083628,260326.38119750697,1150713.7727333533,315910.4959064945,79878.74732492218,97805.60801753103,93.66190034157322,0,0,1,0.9671832470712928,1.0,4.927643307035435,134.5494751909407,1.184348869319253,1.0345136506015316
2025-05-10,19796.46849650703,1059303.1750755159,321106.2604511416,241454.75702758916,1046720.6549123749,289351.2065844544,82469.71054950685,54925.87946255922,107.22749210068392,0,0,0,0.9650874385482058,1.0,4.826408710013419,134.8356502542978,1.184348869319253,1.0776842802624973
2025-05-17,34728.227757931825,1068673.444368146,383425.81414134963,246163.21006750467,1039103.1432668485,297696.462153587,87835.56899331752,100941.07925732514,94.74379098657964,0,0,1,0.956663500652305,1.0,4.811751545110702,135.14272267305017,1.184348869319253,1.4400721241230368
2025-05-24,42604.42816118421,1097798.2587781644,348884.8534271638,304392.48811981553,1347520.0138854957,317239.3069322129,87717.8059280473,102464.99499541776,93.11615015401212,0,0,1,0.9179707598015404,0.9514210063427953,4.87231669473598,135.4683085331844,1.184348869319253,0.8562863725072941
2025-05-31,30374.119410344974,1003584.6164753425,334667.1713260825,304990.11639863014,1357616.9963301094,332078.7288257647,83358.35354720315,103422.48627285352,94.12175019233572,0,0,1,0.9344741251962848,1.0,4.607573623386647,135.80975395302303,1.184348869319253,1.211906798457281
2025-06-07,20566.981311636344,1073922.6079194832,326527.40275758377,215572.2438303713,914597.5177730647,650626.949382947,81449.0400141082,15433.125202807849,105.84118806129256,0,0,0,0.9627331806138598,1.0,4.979178799334636,136.1641737827954,1.184348869319253,4.101018632597254
2025-06-14,36481.12882235856,1011708.8222215504,328859.4297256142,168466.78390820487,677904.2046782174,753149.8167224039,76707.24837224846,104407.50472434644,93.44330492791065,0,0,1,0.9073310117995534,0.9545298520078966,5.102599516879174,136.52849367661838,1.184348869319253,4.096181365452005
2025-06-21,39954.673955169485,1026167.5208005422,369630.9516128334,157446.64986590503,602417.7735231085,869798.2275946243,80975.5603474946,208224.2771647268,92.71945599982136,0,1,1,0.9173102611622416,0.963934342726708,4.903433602505141,136.89949492338187,1.184348869319253,4.507327597501759
